City_ID,City,Country,Date,Lat,Lng,Max Temp,Humidity,Cloudiness,Wind Speed
0,Raga,SS,2021-07-29 00:21:38,8.4596,25.678,67.89,98,67,4.12
1,Vila Franca Do Campo,PT,2021-07-29 00:20:35,37.7167,-25.4333,70.21,88,58,7.99
2,Yongchang,CN,2021-07-29 00:21:38,30.0381,119.7317,82.13,84,22,5.53
3,Kampong Thum,KH,2021-07-29 00:21:39,12.7111,104.8887,78.01,87,98,3.44
4,Ghansor,IN,2021-07-29 00:21:39,22.65,79.95,72.82,89,100,12.19
5,Bredasdorp,ZA,2021-07-29 00:21:39,-34.5322,20.0403,47.52,71,57,8.05
6,New Norfolk,AU,2021-07-29 00:21:40,-42.7826,147.0587,50.72,77,93,1.01
7,Busselton,AU,2021-07-29 00:21:40,-33.65,115.3333,59.09,74,49,26.17
8,Andenes,NO,2021-07-29 00:21:40,69.3143,16.1194,48.18,93,90,20.71
9,Qaanaaq,GL,2021-07-29 00:21:40,77.484,-69.3632,42.12,99,100,3.85
10,Cape Town,ZA,2021-07-29 00:17:48,-33.9258,18.4232,55.89,76,75,4.0
11,Svetlaya,RU,2021-07-29 00:21:41,46.5389,138.3297,75.43,72,27,7.9
12,Bin Qirdan,TN,2021-07-29 00:21:41,33.1378,11.2197,79.07,71,0,9.19
13,Castro,BR,2021-07-29 00:18:57,-24.7911,-50.0119,39.99,59,5,10.8
14,Hithadhoo,MV,2021-07-29 00:17:05,-0.6,73.0833,79.75,78,99,6.64
15,Lazaro Cardenas,MX,2021-07-29 00:21:42,17.9583,-102.2,84.34,72,72,2.84
16,Rikitea,PF,2021-07-29 00:20:28,-23.1203,-134.9692,73.99,79,26,13.96
17,Saint-Pierre,RE,2021-07-29 00:21:42,-21.3393,55.4781,67.68,77,98,3.44
18,Vaini,TO,2021-07-29 00:21:42,-21.2,-175.2,75.36,78,20,6.91
19,Cayenne,GF,2021-07-29 00:21:43,4.9333,-52.3333,79.09,86,0,0.0
20,Vao,NC,2021-07-29 00:17:56,-22.6667,167.4833,70.12,66,99,15.66
21,Mataura,NZ,2021-07-29 00:18:57,-46.1927,168.8643,53.47,78,48,4.43
22,Arraial Do Cabo,BR,2021-07-29 00:21:43,-22.9661,-42.0278,64.33,85,99,19.37
23,Kuito,AO,2021-07-29 00:21:43,-12.3833,16.9333,51.51,30,49,2.77
24,Carnarvon,AU,2021-07-29 00:21:44,-24.8667,113.6333,68.07,61,40,5.75
25,Forrest City,US,2021-07-29 00:17:16,35.0081,-90.7898,91.83,66,6,4.18
26,Barrow,US,2021-07-29 00:20:44,71.2906,-156.7887,44.62,87,90,19.57
27,Nikolskoye,RU,2021-07-29 00:20:45,59.7035,30.7861,65.8,97,81,4.97
28,Makaryev,RU,2021-07-29 00:21:44,57.8797,43.8069,56.82,94,64,5.26
29,Hilo,US,2021-07-29 00:18:55,19.7297,-155.09,78.53,85,90,10.36
30,Clyde River,CA,2021-07-29 00:19:35,70.4692,-68.5914,46.63,81,75,8.05
31,Punta Arenas,CL,2021-07-29 00:21:45,-53.15,-70.9167,46.51,76,0,12.66
32,Cairns,AU,2021-07-29 00:21:45,-16.9167,145.7667,90.95,70,36,8.05
33,Salalah,OM,2021-07-29 00:17:21,17.0151,54.0924,78.89,89,90,10.36
34,Margate,GB,2021-07-29 00:21:46,51.3813,1.3862,58.3,84,5,3.0
35,Riyadh,SA,2021-07-29 00:16:59,24.6877,46.7219,93.34,14,100,9.42
36,Culpeper,US,2021-07-29 00:21:46,38.5004,-77.9664,86.14,64,40,1.99
37,Kichmengskiy Gorodok,RU,2021-07-29 00:21:46,59.9816,45.7854,52.5,74,11,4.81
38,Hun,LY,2021-07-29 00:21:47,29.1268,15.9477,78.08,56,0,2.98
39,Kodiak,US,2021-07-29 00:21:47,57.79,-152.4072,58.51,63,90,6.91
40,Thongwa,MM,2021-07-29 00:21:47,16.7619,96.5278,78.96,90,95,5.64
41,Kalmunai,LK,2021-07-29 00:21:48,7.4167,81.8167,80.56,73,89,1.52
42,Dawei,MM,2021-07-29 00:21:48,14.0833,98.2,78.42,91,100,5.75
43,Kapaa,US,2021-07-29 00:21:48,22.0752,-159.319,86.32,69,40,3.0
44,Butaritari,KI,2021-07-29 00:17:18,3.0707,172.7902,82.78,71,14,10.13
45,Belaya Gora,RU,2021-07-29 00:21:48,68.5333,146.4167,47.53,58,91,9.8
46,Alamosa,US,2021-07-29 00:21:49,37.4695,-105.87,81.91,41,1,14.97
47,Bethel,US,2021-07-29 00:17:12,41.3712,-73.414,73.81,72,1,0.0
48,Hofn,IS,2021-07-29 00:21:49,64.2539,-15.2082,53.28,85,100,1.05
49,Bluff,NZ,2021-07-29 00:21:49,-46.6,168.3333,53.8,72,65,8.32
50,Tuktoyaktuk,CA,2021-07-29 00:21:50,69.4541,-133.0374,53.6,76,75,12.66
51,Avarua,CK,2021-07-29 00:20:43,-21.2078,-159.775,69.85,94,90,6.91
52,Jamestown,US,2021-07-29 00:21:50,42.097,-79.2353,74.52,60,1,6.91
53,Novikovo,RU,2021-07-29 00:19:04,51.1537,37.8879,64.94,80,65,3.65
54,Liku,ID,2021-07-29 00:21:50,-0.7275,119.8922,80.51,78,24,2.15
55,Norman Wells,CA,2021-07-29 00:20:17,65.282,-126.8329,62.64,82,75,6.91
56,Taoudenni,ML,2021-07-29 00:21:51,22.6783,-3.9836,100.74,19,1,10.76
57,Port Elizabeth,ZA,2021-07-29 00:19:45,-33.918,25.5701,52.09,87,0,6.91
58,Madras,IN,2021-07-29 00:18:11,13.0878,80.2785,85.98,58,20,9.22
59,Thompson,CA,2021-07-29 00:18:44,55.7435,-97.8558,62.76,51,75,6.91
60,Catabola,AO,2021-07-29 00:21:52,-12.15,17.2833,54.19,29,47,2.86
61,Guerrero Negro,MX,2021-07-29 00:18:19,27.9769,-114.0611,75.9,68,1,21.07
62,Schlitz,DE,2021-07-29 00:21:52,50.6742,9.561,62.65,93,3,7.94
63,Kununurra,AU,2021-07-29 00:20:53,-15.7667,128.7333,80.58,61,56,4.61
64,Hermanus,ZA,2021-07-29 00:21:53,-34.4187,19.2345,53.91,71,27,19.22
65,Victoria,HK,2021-07-29 00:17:04,22.2855,114.1577,87.24,84,100,1.99
66,Port Lincoln,AU,2021-07-29 00:21:53,-34.7333,135.8667,52.23,72,3,15.93
67,Atuona,PF,2021-07-29 00:17:23,-9.8,-139.0333,77.56,68,41,19.75
68,Anadyr,RU,2021-07-29 00:21:53,64.75,177.4833,52.3,66,75,15.01
69,Surt,LY,2021-07-29 00:21:54,31.2089,16.5887,79.32,70,0,7.27
70,Hamilton,US,2021-07-29 00:21:27,39.1834,-84.5333,87.37,67,20,6.91
71,Bocanda,CI,2021-07-29 00:21:54,7.0626,-4.4995,70.9,96,99,4.54
72,Geraldton,AU,2021-07-29 00:21:54,-28.7667,114.6,63.01,82,90,18.41
73,Alegrete,BR,2021-07-29 00:21:55,-29.7831,-55.7919,38.88,65,59,9.8
74,Saint George,US,2021-07-29 00:21:55,37.1041,-113.5841,102.63,19,1,1.99
75,Nyurba,RU,2021-07-29 00:21:55,63.2842,118.3319,68.4,43,8,6.98
76,Hirara,JP,2021-07-29 00:21:55,24.8,125.2833,84.47,89,40,4.61
77,Khatanga,RU,2021-07-29 00:20:54,71.9667,102.5,67.71,64,18,11.05
78,Bengkulu,ID,2021-07-29 00:17:20,-3.8004,102.2655,75.45,83,64,4.16
79,Itoman,JP,2021-07-29 00:21:56,26.1247,127.6694,84.58,89,75,8.05
80,Namibe,AO,2021-07-29 00:21:56,-15.1961,12.1522,63.01,87,15,1.86
81,Albany,US,2021-07-29 00:18:50,42.6001,-73.9662,72.25,74,26,2.75
82,Borgarnes,IS,2021-07-29 00:21:57,64.5383,-21.9206,55.45,87,75,10.71
83,Alpinopolis,BR,2021-07-29 00:21:57,-20.8636,-46.3881,56.07,80,89,9.44
84,Bosaso,SO,2021-07-29 00:21:57,11.2842,49.1816,86.47,45,96,24.47
85,Sao Miguel Do Araguaia,BR,2021-07-29 00:18:02,-13.275,-50.1628,76.82,29,0,4.7
86,Dingle,PH,2021-07-29 00:21:46,10.9995,122.6711,83.77,78,66,13.82
87,Dikson,RU,2021-07-29 00:19:04,73.5069,80.5464,38.1,96,97,11.1
88,Buenos Aires,AR,2021-07-29 00:21:30,-34.6132,-58.3772,46.13,64,20,5.75
89,Nanortalik,GL,2021-07-29 00:21:58,60.1432,-45.2371,45.19,89,66,8.99
90,Kungurtug,RU,2021-07-29 00:21:58,50.5994,97.5228,54.54,92,74,1.68
91,Saskylakh,RU,2021-07-29 00:21:03,71.9167,114.0833,67.82,40,98,14.52
92,Constitucion,CL,2021-07-29 00:21:59,-35.3333,-72.4167,50.52,60,0,5.84
93,San Patricio,US,2021-07-29 00:21:59,28.017,-97.5169,89.69,54,35,14.88
94,Colquechaca,BO,2021-07-29 00:22:00,-18.6667,-66.0167,28.02,69,20,6.89
95,Yuxia,CN,2021-07-29 00:22:00,34.0615,108.6291,75.81,56,0,1.95
96,Kurumkan,RU,2021-07-29 00:22:00,54.3,110.3,70.07,65,71,2.46
97,Puerto Ayora,EC,2021-07-29 00:22:01,-0.7393,-90.3518,71.98,85,53,8.57
98,Doha,QA,2021-07-29 00:18:50,25.2867,51.5333,93.51,69,76,3.44
99,Hobart,AU,2021-07-29 00:20:56,-42.8794,147.3294,51.06,70,20,3.0
100,Kampot,KH,2021-07-29 00:22:01,10.6167,104.1833,82.45,82,88,10.18
101,Saint-Philippe,RE,2021-07-29 00:22:02,-21.3585,55.7679,67.59,86,99,20.31
102,Bambous Virieux,MU,2021-07-29 00:17:44,-20.3428,57.7575,71.85,68,75,20.71
103,Crib Point,AU,2021-07-29 00:22:02,-38.35,145.2,56.08,79,50,18.12
104,Locri,IT,2021-07-29 00:22:02,38.2414,16.2623,83.32,44,0,10.25
105,Kostino,RU,2021-07-29 00:20:17,58.9097,53.2691,45.9,83,70,6.82
106,Longyearbyen,SJ,2021-07-29 00:22:03,78.2186,15.6401,42.64,93,90,10.36
107,Zaysan,KZ,2021-07-29 00:22:03,47.4667,84.8667,60.44,36,6,4.9
108,Half Moon Bay,US,2021-07-29 00:22:03,37.4636,-122.4286,96.12,70,40,10.36
109,Moba,CN,2021-07-29 00:22:04,33.2288,105.0179,61.05,72,1,4.59
110,Yaan,NG,2021-07-29 00:22:04,7.3833,8.5667,72.75,80,96,3.98
111,Klaksvik,FO,2021-07-29 00:20:55,62.2266,-6.589,54.52,98,99,12.12
112,Raghogarh,IN,2021-07-29 00:22:04,24.45,77.2,73.02,93,100,13.78
113,Havre-Saint-Pierre,CA,2021-07-29 00:22:05,50.2334,-63.5986,57.56,82,75,4.61
114,Portland,US,2021-07-29 00:17:12,45.5234,-122.6762,95.67,31,20,1.99
115,Ewo,CG,2021-07-29 00:22:05,-0.8725,14.8206,81.01,50,97,4.14
116,Buta,CD,2021-07-29 00:22:05,2.7858,24.73,68.34,97,59,1.92
117,Boende,CD,2021-07-29 00:22:06,-0.2167,20.8667,79.05,42,90,1.83
118,Upernavik,GL,2021-07-29 00:22:06,72.7868,-56.1549,47.35,80,97,8.72
119,Vanimo,PG,2021-07-29 00:21:45,-2.6741,141.3028,83.34,73,31,6.55
120,Iguape,BR,2021-07-29 00:22:06,-24.7081,-47.5553,53.19,82,61,4.61
121,Ushuaia,AR,2021-07-29 00:20:30,-54.8,-68.3,42.46,81,40,8.05
122,Mersing,MY,2021-07-29 00:17:13,2.4312,103.8405,76.91,88,40,4.61
123,Chuy,UY,2021-07-29 00:21:14,-33.6971,-53.4616,41.47,74,17,15.14
124,Sao Filipe,CV,2021-07-29 00:22:07,14.8961,-24.4956,74.95,77,23,6.11
125,Great Bend,US,2021-07-29 00:22:07,38.3645,-98.7648,98.65,47,1,7.0
126,Mareeba,AU,2021-07-29 00:22:08,-17.0,145.4333,86.32,41,37,1.79
127,Sambava,MG,2021-07-29 00:22:08,-14.2667,50.1667,65.75,78,0,8.63
128,Barra,BR,2021-07-29 00:22:08,-11.0894,-43.1417,76.64,45,0,2.64
129,Nome,US,2021-07-29 00:21:07,64.5011,-165.4064,51.87,87,90,23.02
130,Srivardhan,IN,2021-07-29 00:22:09,18.0333,73.0167,79.32,85,100,16.15
131,Airai,TL,2021-07-29 00:20:37,-8.9266,125.4092,67.69,47,12,3.74
132,Codrington,AU,2021-07-29 00:22:03,-38.2667,141.9667,49.06,85,34,11.16
133,Reforma,MX,2021-07-29 00:22:09,18.1,-91.0167,75.07,94,87,7.4
134,Port Alfred,ZA,2021-07-29 00:22:09,-33.5906,26.891,58.62,81,91,8.93
135,Fort Nelson,CA,2021-07-29 00:22:10,58.8053,-122.7002,76.59,27,20,2.3
136,Chifeng,CN,2021-07-29 00:21:24,42.2683,118.9636,69.26,91,100,0.45
137,Kaitangata,NZ,2021-07-29 00:19:26,-46.2817,169.8464,51.93,62,19,5.46
138,Merauke,ID,2021-07-29 00:22:10,-8.4667,140.3333,80.08,81,54,12.12
139,Tawang,IN,2021-07-29 00:22:10,27.5833,91.8667,57.87,91,98,2.1
140,Lompoc,US,2021-07-29 00:21:12,34.6391,-120.4579,91.13,75,90,14.97
141,Bentiu,SS,2021-07-29 00:22:11,9.2333,29.8333,72.73,92,100,4.07
142,Karacabey,TR,2021-07-29 00:22:11,40.2152,28.4038,77.38,67,0,1.1
143,East London,ZA,2021-07-29 00:17:15,-33.0153,27.9116,61.66,83,99,10.25
144,Balkhash,KZ,2021-07-29 00:21:53,46.844,74.9804,67.96,44,85,10.56
145,Georgetown,MY,2021-07-29 00:20:29,5.4112,100.3354,77.9,93,40,1.99
146,Lorengau,PG,2021-07-29 00:20:55,-2.0226,147.2712,84.11,75,96,6.64
147,Zyryanka,RU,2021-07-29 00:22:12,65.75,150.85,38.7,92,100,13.04
148,Cherskiy,RU,2021-07-29 00:22:12,68.75,161.3,35.96,92,100,16.78
149,Adrar,MR,2021-07-29 00:22:12,20.5022,-10.0711,93.0,24,99,18.48
150,Umm Kaddadah,SD,2021-07-29 00:19:32,13.6017,26.6876,85.57,53,100,10.02
151,Lakes Entrance,AU,2021-07-29 00:22:13,-37.8811,147.981,57.18,52,16,15.61
152,Vardo,NO,2021-07-29 00:21:38,70.3705,31.1107,46.99,90,100,4.43
153,Chokurdakh,RU,2021-07-29 00:22:13,70.6333,147.9167,42.73,66,100,10.27
154,Tuatapere,NZ,2021-07-29 00:18:46,-46.1333,167.6833,53.82,70,84,7.09
155,Silver City,US,2021-07-29 00:22:13,32.7701,-108.2803,84.16,28,1,11.5
156,Tiksi,RU,2021-07-29 00:22:14,71.6872,128.8694,42.57,78,54,7.52
157,Mangan,IN,2021-07-29 00:22:14,27.5167,88.5333,76.77,82,91,2.51
158,Tasiilaq,GL,2021-07-29 00:19:51,65.6145,-37.6368,48.36,71,75,4.79
159,Luderitz,NA,2021-07-29 00:22:14,-26.6481,15.1594,54.28,76,0,13.18
160,Carberry,CA,2021-07-29 00:22:15,49.8689,-99.3602,80.83,24,50,16.26
161,Broken Hill,AU,2021-07-29 00:22:15,-31.95,141.4333,49.69,55,0,5.73
162,Punuare,HN,2021-07-29 00:22:15,14.7333,-85.9667,77.76,96,100,4.16
163,Winnemucca,US,2021-07-29 00:17:45,40.973,-117.7357,91.45,9,1,3.44
164,Gornopravdinsk,RU,2021-07-29 00:22:07,60.05,69.9,42.57,95,70,5.14
165,Devonport,AU,2021-07-29 00:22:16,-41.1667,146.35,52.09,70,27,15.05
166,Zhigansk,RU,2021-07-29 00:22:16,66.7697,123.3711,62.44,49,34,6.64
167,Yellowknife,CA,2021-07-29 00:22:16,62.456,-114.3525,68.29,63,40,4.0
168,Viking,CA,2021-07-29 00:22:17,53.1001,-111.7684,82.53,25,0,7.25
169,Amahai,ID,2021-07-29 00:22:17,-3.3333,128.9167,80.92,82,85,3.0
170,Kavieng,PG,2021-07-29 00:19:20,-2.5744,150.7967,84.22,70,80,6.62
171,Lopukhiv,UA,2021-07-29 00:22:18,48.3653,23.9638,62.53,80,2,3.09
172,Katsuura,JP,2021-07-29 00:22:18,35.1333,140.3,86.11,78,87,14.0
173,Yar-Sale,RU,2021-07-29 00:22:18,66.8333,70.8333,47.14,83,34,1.63
174,Ruidoso,US,2021-07-29 00:19:31,33.3317,-105.673,79.7,84,1,5.75
175,Lasa,IT,2021-07-29 00:22:19,46.6166,10.7002,61.02,88,9,2.15
176,Bambanglipuro,ID,2021-07-29 00:22:19,-7.95,110.2833,76.5,77,91,2.75
177,Ponta Do Sol,PT,2021-07-29 00:22:19,32.6667,-17.1,71.71,80,17,5.23
178,Vostok,RU,2021-07-29 00:19:54,46.4856,135.8833,84.54,57,52,2.04
179,Karratha,AU,2021-07-29 00:19:34,-20.7377,116.8463,66.4,64,6,10.22
180,Lima,PE,2021-07-29 00:18:53,-12.0432,-77.0282,59.25,88,90,13.8
181,Hasaki,JP,2021-07-29 00:22:20,35.7333,140.8333,84.29,81,92,15.32
182,Minab,IR,2021-07-29 00:20:36,27.1467,57.0801,90.9,44,98,2.93
183,Vila Velha,BR,2021-07-29 00:22:20,-20.3297,-40.2925,71.55,83,20,6.91
184,Touros,BR,2021-07-29 00:20:17,-5.1989,-35.4608,77.9,82,11,15.23
185,Batemans Bay,AU,2021-07-29 00:22:21,-35.7167,150.1833,56.91,35,0,3.76
186,Bonthe,SL,2021-07-29 00:22:21,7.5264,-12.505,77.27,72,100,11.05
187,Provideniya,RU,2021-07-29 00:22:21,64.3833,-173.3,50.11,81,75,13.42
188,La Asuncion,VE,2021-07-29 00:22:21,11.0333,-63.8628,82.13,83,77,12.66
189,Lebu,CL,2021-07-29 00:22:22,-37.6167,-73.65,49.84,82,0,10.07
190,Ginda,IN,2021-07-29 00:22:22,30.6945,78.4932,64.72,94,92,3.44
191,Lavrentiya,RU,2021-07-29 00:22:22,65.5833,-171.0,44.6,99,100,9.66
192,Gravdal,NO,2021-07-29 00:22:23,68.1214,13.5031,50.5,85,45,20.54
193,Puerto Penasco,MX,2021-07-29 00:22:23,31.3167,-113.5333,90.91,70,12,7.0
194,Shoranur,IN,2021-07-29 00:22:23,10.7667,76.2833,76.01,97,98,1.45
195,Kyzyl-Suu,KG,2021-07-29 00:22:24,42.3414,78.0056,64.15,64,4,3.47
196,Gigmoto,PH,2021-07-29 00:22:24,13.7796,124.39,83.07,79,98,12.73
197,Ouesso,CG,2021-07-29 00:22:24,1.6136,16.0517,75.15,77,98,2.04
198,Ilulissat,GL,2021-07-29 00:22:24,69.2167,-51.1,50.02,66,100,3.44
199,Honiara,SB,2021-07-29 00:22:25,-9.4333,159.95,85.39,65,78,4.45
200,Omboue,GA,2021-07-29 00:22:25,-1.5746,9.2618,73.13,84,56,6.08
201,Tarbes,FR,2021-07-29 00:22:25,43.25,0.1667,64.36,94,90,1.14
202,Berlevag,NO,2021-07-29 00:20:19,70.8578,29.0864,46.51,93,100,9.89
203,Noumea,NC,2021-07-29 00:20:21,-22.2763,166.4572,76.98,99,17,2.48
204,Tikrit,IQ,2021-07-29 00:22:26,34.6071,43.6782,88.84,22,0,7.76
205,Knysna,ZA,2021-07-29 00:22:26,-34.0363,23.0471,50.38,81,9,4.74
206,Turkistan,KZ,2021-07-29 00:22:26,43.0,68.0,73.44,26,0,4.65
207,Neiafu,TO,2021-07-29 00:22:27,-18.65,-173.9833,77.68,78,75,8.05
208,Amga,RU,2021-07-29 00:22:27,60.8953,131.9608,62.67,44,0,9.46
209,Leh,IN,2021-07-29 00:22:27,34.1667,77.5833,56.44,74,100,5.84
210,Omsukchan,RU,2021-07-29 00:22:27,62.5333,155.8,39.92,86,100,5.95
211,Narsaq,GL,2021-07-29 00:19:32,60.9167,-46.05,50.22,92,76,3.49
212,Coolum Beach,AU,2021-07-29 00:22:28,-26.5333,153.1,72.34,81,75,7.72
213,Viedma,AR,2021-07-29 00:22:28,-40.8135,-62.9967,44.65,50,12,9.01
214,Beloha,MG,2021-07-29 00:22:28,-25.1667,45.05,62.01,91,0,7.72
215,Rocha,UY,2021-07-29 00:22:29,-34.4833,-54.3333,43.02,66,31,18.28
216,Jizan,SA,2021-07-29 00:22:29,17.3333,42.6667,88.74,58,60,5.86
217,Tommot,RU,2021-07-29 00:19:05,58.9564,126.2925,67.48,63,48,9.19
218,Catia La Mar,VE,2021-07-29 00:22:29,10.6038,-67.0303,80.98,75,75,6.91
219,Kenai,US,2021-07-29 00:22:30,60.5544,-151.2583,66.02,72,90,24.16
220,Winneba,GH,2021-07-29 00:22:30,5.3511,-0.6231,77.47,84,48,7.16
221,Saldanha,ZA,2021-07-29 00:20:36,-33.0117,17.9442,50.05,77,31,11.9
222,Chardara,KZ,2021-07-29 00:19:08,41.2547,67.9692,73.27,27,0,9.62
223,Casas Grandes,MX,2021-07-29 00:22:30,30.3667,-107.95,80.76,38,73,10.4
224,Banda Aceh,ID,2021-07-29 00:22:10,5.5577,95.3222,79.88,78,55,14.18
225,Wagga Wagga,AU,2021-07-29 00:22:31,-35.1167,147.3667,47.61,93,8,5.75
226,Quatre Cocos,MU,2021-07-29 00:22:31,-20.2078,57.7625,71.71,75,100,21.88
227,Norfolk,US,2021-07-29 00:22:31,42.1668,-71.2495,70.03,82,1,0.0
228,Esperance,AU,2021-07-29 00:22:32,-33.8667,121.9,58.46,78,82,25.08
229,Williams Lake,CA,2021-07-29 00:22:32,52.1415,-122.1445,85.57,22,20,3.0
230,Angoche,MZ,2021-07-29 00:22:32,-16.2325,39.9086,70.02,68,15,9.53
231,Peniche,PT,2021-07-29 00:22:32,39.3558,-9.3811,66.72,88,0,19.13
232,Kingman,US,2021-07-29 00:22:33,35.1894,-114.053,96.28,27,40,5.75
233,Coxim,BR,2021-07-29 00:22:33,-18.5067,-54.76,58.73,22,81,10.47
234,Basoko,CD,2021-07-29 00:22:33,1.2391,23.616,75.09,74,88,1.54
235,Te Anau,NZ,2021-07-29 00:20:18,-45.4167,167.7167,50.85,77,96,2.86
236,Maragogi,BR,2021-07-29 00:22:34,-9.0122,-35.2225,73.69,84,1,6.51
237,Santa Rita,BR,2021-07-29 00:22:34,-7.1139,-34.9781,74.07,94,20,5.75
238,Kutum,SD,2021-07-29 00:22:34,14.2,24.6667,74.93,65,76,2.98
239,Komsomolskiy,UZ,2021-07-29 00:18:17,40.4272,71.7189,72.82,26,12,2.1
240,Tongzi,CN,2021-07-29 00:22:35,28.7829,105.0877,79.43,83,19,1.97
241,Luanda,AO,2021-07-29 00:20:52,-8.8368,13.2343,69.8,94,0,8.05
242,Celestun,MX,2021-07-29 00:22:35,20.8667,-90.4,82.38,79,25,12.06
243,Vila Do Maio,CV,2021-07-29 00:22:36,15.1333,-23.2167,76.06,78,97,10.74
244,San Cristobal,VE,2021-07-29 00:22:36,7.7669,-72.225,73.58,97,98,4.81
245,Torbay,CA,2021-07-29 00:22:36,47.6666,-52.7314,67.75,94,75,10.36
246,Grafton,US,2021-07-29 00:22:36,42.207,-71.6856,69.15,86,44,4.16
247,Batagay-Alyta,RU,2021-07-29 00:22:37,67.8006,130.4114,53.49,46,49,3.6
248,Heidenreichstein,AT,2021-07-29 00:22:37,48.8667,15.1167,60.64,91,76,7.61
249,Souillac,MU,2021-07-29 00:22:37,-20.5167,57.5167,71.98,68,75,20.71
250,San Antonio,US,2021-07-29 00:19:40,29.4241,-98.4936,94.1,52,1,6.91
251,Ribeira Grande,PT,2021-07-29 00:22:38,38.5167,-28.7,73.18,77,78,8.97
252,Ferry Pass,US,2021-07-29 00:22:38,30.5102,-87.2125,88.66,90,40,6.91
253,Hami,CN,2021-07-29 00:22:38,42.8,93.45,88.75,20,28,8.66
254,Bathsheba,BB,2021-07-29 00:22:39,13.2167,-59.5167,81.21,83,75,17.27
255,Palora,EC,2021-07-29 00:22:39,-1.7,-77.9333,65.39,97,37,2.77
256,Kulhudhuffushi,MV,2021-07-29 00:22:39,6.6221,73.07,82.24,76,99,14.25
257,Porto Santo,PT,2021-07-29 00:22:40,33.072,-16.3415,70.18,78,40,12.66
258,Necochea,AR,2021-07-29 00:21:59,-38.5473,-58.7368,37.04,73,34,8.86
259,Abu Dhabi,AE,2021-07-29 00:22:40,24.4667,54.3667,95.11,43,0,3.44
260,Ingham,US,2021-07-29 00:22:40,42.6,-84.3833,82.02,76,1,3.44
261,Puerto Madryn,AR,2021-07-29 00:22:41,-42.7692,-65.0385,50.04,44,6,7.31
262,Isangel,VU,2021-07-29 00:22:41,-19.55,169.2667,80.71,57,75,5.75
263,Khani,GE,2021-07-29 00:22:41,41.9563,42.9566,62.17,93,63,2.17
264,Kharovsk,RU,2021-07-29 00:22:42,59.9642,40.1912,56.95,96,98,4.32
265,Mnogovershinnyy,RU,2021-07-29 00:22:42,53.9353,139.9242,76.87,58,73,0.45
266,Bilibino,RU,2021-07-29 00:22:42,68.0546,166.4372,37.54,95,100,4.27
267,Lagoa,PT,2021-07-29 00:22:43,39.05,-27.9833,71.15,83,98,9.1
268,Mogadishu,SO,2021-07-29 00:21:23,2.0371,45.3438,75.81,84,87,16.71
269,Faanui,PF,2021-07-29 00:22:43,-16.4833,-151.75,77.52,71,37,1.48
270,Port Hardy,CA,2021-07-29 00:21:14,50.6996,-127.4199,71.78,64,40,9.22
271,Izumo,JP,2021-07-29 00:22:43,35.3667,132.7667,82.35,78,20,3.44
272,Broome,US,2021-07-29 00:19:35,42.2506,-75.833,69.06,73,2,1.01
273,Yulara,AU,2021-07-29 00:22:44,-25.2406,130.9889,58.84,58,0,4.61
274,Lenger,KZ,2021-07-29 00:22:44,42.183,69.8839,69.24,34,0,4.18
275,Alihe,CN,2021-07-29 00:22:44,50.5667,123.7167,73.06,69,70,1.63
276,Itarema,BR,2021-07-29 00:19:24,-2.9248,-39.9167,78.55,86,8,13.22
277,Makakilo City,US,2021-07-29 00:20:25,21.3469,-158.0858,82.72,65,1,11.5
278,Aljezur,PT,2021-07-29 00:22:45,37.3191,-8.8033,63.09,88,2,10.07
279,Aripuana,BR,2021-07-29 00:22:45,-9.1667,-60.6333,82.65,43,47,3.27
280,Iqaluit,CA,2021-07-29 00:22:46,63.7506,-68.5145,47.93,75,75,11.01
281,Pokaran,IN,2021-07-29 00:22:46,26.9167,71.9167,80.44,80,90,14.47
282,Biankouma,CI,2021-07-29 00:22:46,7.7391,-7.6138,68.4,99,100,2.73
283,Saint-Joseph,RE,2021-07-29 00:22:46,-21.3667,55.6167,66.58,84,98,19.55
284,Ayagoz,KZ,2021-07-29 00:22:47,47.9714,80.4392,54.9,52,32,11.3
285,Channel-Port Aux Basques,CA,2021-07-29 00:22:47,47.5702,-59.1367,59.0,95,100,9.71
286,Herat,AF,2021-07-29 00:22:47,34.5,62.0,74.59,12,0,21.85
287,Flin Flon,CA,2021-07-29 00:22:48,54.7682,-101.865,72.73,28,2,9.91
288,Arlit,NE,2021-07-29 00:22:48,18.7369,7.3853,89.38,38,89,7.92
289,Priiskovyy,RU,2021-07-29 00:22:48,51.9333,116.6333,64.58,85,39,2.44
290,Elko,US,2021-07-29 00:22:49,41.0002,-115.5012,83.05,12,65,13.42
291,Kushima,JP,2021-07-29 00:22:49,31.4583,131.2333,83.71,61,1,2.37
292,Ashland,US,2021-07-29 00:22:49,40.8167,-82.2665,79.97,81,17,3.29
293,Prince Rupert,CA,2021-07-29 00:22:50,54.3161,-130.3201,59.09,85,90,5.75
294,Nueve De Julio,AR,2021-07-29 00:22:50,-35.4444,-60.8831,38.71,61,29,6.11
295,Lebedinyy,RU,2021-07-29 00:22:50,58.5167,125.5167,63.9,64,8,11.9
296,Livingston,GB,2021-07-29 00:18:32,55.9029,-3.5226,56.21,88,40,10.36
297,Padang,ID,2021-07-29 00:22:51,-0.9492,100.3543,75.25,87,81,2.84
298,Rundu,NA,2021-07-29 00:22:51,-17.9333,19.7667,49.59,45,1,6.02
299,Nabire,ID,2021-07-29 00:22:51,-3.3667,135.4833,81.36,83,60,1.43
300,Saint-Francois,FR,2021-07-29 00:22:51,46.4154,3.9054,63.18,94,90,0.0
301,Cabo San Lucas,MX,2021-07-29 00:19:20,22.8909,-109.9124,97.61,55,1,11.5
302,Langsa,ID,2021-07-29 00:22:52,4.4683,97.9683,74.77,94,100,2.39
303,Mitsamiouli,KM,2021-07-29 00:22:52,-11.3847,43.2844,75.74,67,0,6.38
304,Sao Joao Nepomuceno,BR,2021-07-29 00:22:52,-21.54,-43.0106,71.58,84,93,3.6
305,Pevek,RU,2021-07-29 00:19:09,69.7008,170.3133,33.06,96,100,25.26
306,Bandarbeyla,SO,2021-07-29 00:22:53,9.4942,50.8122,79.0,69,94,25.5
307,Vestmannaeyjar,IS,2021-07-29 00:21:17,63.4427,-20.2734,55.42,78,42,7.31
308,Asau,RO,2021-07-29 00:18:58,46.4333,26.4,66.96,79,50,5.64
309,Ongandjera,NA,2021-07-29 00:22:53,-17.8833,15.0667,56.91,30,25,9.64
310,Lishui,CN,2021-07-29 00:22:54,28.4604,119.9103,82.96,89,26,2.15
311,Havelock,US,2021-07-29 00:19:19,34.8791,-76.9013,80.55,91,90,7.0
312,Yangjiang,CN,2021-07-29 00:22:54,21.85,111.9667,82.04,87,100,3.42
313,Deputatskiy,RU,2021-07-29 00:20:55,69.3,139.9,46.33,60,74,5.79
314,Sitka,US,2021-07-29 00:18:50,57.0531,-135.33,67.89,60,40,11.5
315,Faya,SA,2021-07-29 00:22:55,18.3851,42.4509,64.51,67,64,7.4
316,Poso,ID,2021-07-29 00:22:55,-1.3959,120.7524,81.82,70,15,3.49
317,Yuki,JP,2021-07-29 00:22:55,36.3,139.8833,87.87,69,27,0.96
318,Kabirwala,PK,2021-07-29 00:22:55,30.4068,71.8667,84.06,59,9,7.61
319,Turbat,PK,2021-07-29 00:22:56,26.0023,63.044,86.04,71,98,5.01
320,Kaeo,NZ,2021-07-29 00:22:56,-35.1,173.7833,65.32,72,49,6.98
321,Kiunga,PG,2021-07-29 00:22:56,-6.1219,141.2906,78.31,92,97,2.84
322,Tecoanapa,MX,2021-07-29 00:22:56,16.5167,-98.75,84.83,70,65,9.51
323,Palanga,LT,2021-07-29 00:22:57,55.9175,21.0686,66.22,94,75,2.3
324,Fushe-Kruje,AL,2021-07-29 00:22:57,41.4783,19.7178,71.74,73,0,2.3
325,Leningradskiy,RU,2021-07-29 00:22:15,69.3833,178.4167,33.4,100,100,15.86
326,Senador Pompeu,BR,2021-07-29 00:22:57,-5.5881,-39.3717,79.84,50,15,7.65
327,Murgab,TM,2021-07-29 00:22:58,37.4966,61.9714,71.47,35,0,9.22
328,Xinyang,CN,2021-07-29 00:18:03,32.1228,114.0656,77.31,80,100,7.36
329,Mantua,IT,2021-07-29 00:20:31,45.1667,10.7833,73.71,84,1,4.45
330,Halkirk,CA,2021-07-29 00:18:25,52.2834,-112.1518,82.0,27,12,8.43
331,Rawson,AR,2021-07-29 00:20:52,-43.3002,-65.1023,48.87,54,5,5.97
332,Marica,BR,2021-07-29 00:22:58,-22.9194,-42.8186,60.75,87,100,11.72
333,Maceio,BR,2021-07-29 00:22:59,-9.6658,-35.7353,71.04,94,0,2.3
334,Mahebourg,MU,2021-07-29 00:22:59,-20.4081,57.7,71.89,68,75,20.71
335,Tamandare,BR,2021-07-29 00:22:59,-8.7597,-35.1047,73.76,85,1,5.97
336,Westport,US,2021-07-29 00:18:38,41.1415,-73.3579,75.97,80,1,1.99
337,Svobodnyy,RU,2021-07-29 00:19:13,51.4,128.1333,73.99,73,77,3.6
338,Kwinana,AU,2021-07-29 00:23:00,-32.25,115.7667,63.81,78,73,25.43
339,Llandrindod Wells,GB,2021-07-29 00:23:00,52.2416,-3.3787,56.3,89,1,14.54
340,Uyuni,BO,2021-07-29 00:23:00,-20.4597,-66.825,38.86,28,2,19.28
341,Rio Grande,BR,2021-07-29 00:23:01,-32.035,-52.0986,39.94,76,45,21.79
342,Mackenzie,CA,2021-07-29 00:23:01,55.2999,-123.1698,71.82,46,75,9.22
343,Saint Louis Park,US,2021-07-29 00:23:01,44.9483,-93.348,90.01,70,90,9.22
344,Tigil,RU,2021-07-29 00:23:02,57.8,158.6667,62.69,50,77,5.75
345,Pacifica,US,2021-07-29 00:23:02,37.6138,-122.4869,95.94,78,40,5.01
346,Ketchikan,US,2021-07-29 00:20:13,55.3422,-131.6461,68.47,56,75,8.05
347,Bonavista,CA,2021-07-29 00:23:04,48.6499,-53.1147,66.2,95,100,14.83
348,Bikaner,IN,2021-07-29 00:18:10,28.0167,73.3,82.45,75,89,12.75
349,Toro,CO,2021-07-29 00:23:04,4.6117,-76.0814,68.95,96,91,4.09
350,Berezniki,RU,2021-07-29 00:23:04,59.4152,56.8124,44.83,77,92,8.37
351,Aquin,HT,2021-07-29 00:23:05,18.2833,-73.4,79.09,82,60,4.81
352,Pitea,SE,2021-07-29 00:23:05,65.3172,21.4794,60.89,64,0,1.32
353,Kokstad,ZA,2021-07-29 00:23:05,-30.5472,29.4241,43.66,42,0,5.53
354,Sinop,TR,2021-07-29 00:23:06,41.7711,34.8709,62.46,56,0,3.51
355,Tiarei,PF,2021-07-29 00:23:06,-17.5333,-149.3333,84.22,77,22,6.91
356,Churapcha,RU,2021-07-29 00:23:07,62.0025,132.4325,64.85,33,0,16.42
357,Matias Romero,MX,2021-07-29 00:23:07,16.8833,-95.0333,80.91,76,54,9.71
358,Haines Junction,CA,2021-07-29 00:23:07,60.7522,-137.5108,67.95,45,27,6.91
359,Sayhat,SA,2021-07-29 00:23:08,26.4852,50.0405,98.8,47,100,18.1
360,Husavik,IS,2021-07-29 00:23:08,66.0449,-17.3389,46.31,98,100,6.55
361,Satka,RU,2021-07-29 00:23:08,55.0425,59.04,42.75,87,31,5.79
362,Rio Gallegos,AR,2021-07-29 00:21:35,-51.6226,-69.2181,46.45,76,0,12.66
363,Lalibela,ET,2021-07-29 00:23:09,12.0333,39.0333,59.65,87,100,1.23
364,Coquimbo,CL,2021-07-29 00:23:09,-29.9533,-71.3436,49.73,87,20,5.75
365,Belmonte,BR,2021-07-29 00:19:33,-15.8631,-38.8828,73.9,86,1,11.88
366,Nakamura,JP,2021-07-29 00:23:09,32.9833,132.9333,84.87,59,0,1.77
367,Kruisfontein,ZA,2021-07-29 00:23:10,-34.0033,24.7314,45.88,88,20,6.73
368,Churachandpur,IN,2021-07-29 00:23:10,24.3333,93.6667,69.08,99,100,2.53
369,Pangai,TO,2021-07-29 00:23:10,-19.8,-174.35,77.11,61,20,11.5
370,Sweetwater,US,2021-07-29 00:23:11,25.7634,-80.3731,87.03,74,20,4.61
371,Tambopata,PE,2021-07-29 00:23:11,-12.7333,-69.1833,65.48,44,88,7.09
372,Ozernovskiy,RU,2021-07-29 00:23:11,51.5,156.5167,56.43,96,100,4.81
373,Nadym,RU,2021-07-29 00:23:11,65.5333,72.5167,51.31,77,73,7.54
374,Zeya,RU,2021-07-29 00:21:31,53.75,127.2667,65.82,97,98,3.89
375,Moindou,NC,2021-07-29 00:23:12,-21.6924,165.677,76.95,52,12,7.34
376,Bojnurd,IR,2021-07-29 00:23:12,37.4747,57.329,71.55,78,20,13.8
377,Mar Del Plata,AR,2021-07-29 00:23:12,-38.0023,-57.5575,45.0,67,40,1.99
378,Simao,CN,2021-07-29 00:23:13,22.7886,100.9748,67.06,100,100,1.14
379,Myitkyina,MM,2021-07-29 00:23:13,25.3833,97.4,75.07,99,93,0.51
380,Baicheng,CN,2021-07-29 00:23:14,45.6167,122.8167,71.69,88,100,5.66
381,Goderich,CA,2021-07-29 00:19:52,43.7501,-81.7165,73.9,68,66,2.3
382,Bilma,NE,2021-07-29 00:23:14,18.6853,12.9164,92.07,37,33,9.69
383,Mandali,IQ,2021-07-29 00:23:14,33.7499,45.5541,90.25,20,0,5.32
384,Singkawang,ID,2021-07-29 00:18:52,0.9,109.0,79.11,88,95,4.92
385,Vicuna,CL,2021-07-29 00:23:15,-30.0319,-70.7081,42.53,15,0,3.24
386,Conway,US,2021-07-29 00:23:15,35.0887,-92.4421,95.18,57,1,5.75
387,Edd,ER,2021-07-29 00:23:16,13.9297,41.6925,91.18,58,100,5.21
388,Ebeltoft,DK,2021-07-29 00:23:16,56.1944,10.6821,62.62,86,79,3.44
389,Fairbanks,US,2021-07-29 00:22:49,64.8378,-147.7164,64.36,87,90,9.22
390,Labuhan,ID,2021-07-29 00:23:16,-6.8844,112.2051,76.37,79,18,9.69
391,Vezirkopru,TR,2021-07-29 00:23:17,41.1436,35.4547,59.49,68,0,2.66
392,Ndola,ZM,2021-07-29 00:23:17,-12.9587,28.6366,37.74,70,32,1.01
393,Ndele,CF,2021-07-29 00:23:17,8.4109,20.6473,68.43,99,88,2.71
394,Deqing,CN,2021-07-29 00:23:18,30.5448,119.9599,85.96,81,29,3.91
395,Imeni Poliny Osipenko,RU,2021-07-29 00:23:18,52.4201,136.4853,76.19,76,88,1.63
396,Ancud,CL,2021-07-29 00:23:18,-41.8697,-73.8203,45.93,90,7,4.68
397,Kenora,CA,2021-07-29 00:23:19,49.8167,-94.4337,81.57,36,90,12.66
398,Mount Gambier,AU,2021-07-29 00:23:19,-37.8333,140.7667,53.04,71,7,7.47
399,Elliot Lake,CA,2021-07-29 00:23:19,46.3834,-82.6331,68.09,72,51,7.78
400,Rafai,CF,2021-07-29 00:23:20,4.95,23.9167,66.74,94,98,1.34
401,Port Hedland,AU,2021-07-29 00:23:20,-20.3167,118.5667,68.05,68,2,11.5
402,Sao Joao Da Barra,BR,2021-07-29 00:23:20,-21.6403,-41.0511,68.04,81,77,18.99
403,Matara,LK,2021-07-29 00:23:20,5.9485,80.5353,78.82,87,94,10.67
404,Zhicheng,CN,2021-07-29 00:23:21,30.2956,111.5047,79.14,86,87,2.62
405,Panorama,GR,2021-07-29 00:23:21,40.5878,23.0315,82.53,56,0,1.01
406,Dongobesh,TZ,2021-07-29 00:23:22,-4.0667,35.3833,47.95,85,28,4.83
407,Moron,AR,2021-07-29 00:23:22,-34.6534,-58.6198,46.15,70,44,1.01
408,Enumclaw,US,2021-07-29 00:23:22,47.2043,-121.9915,89.42,34,75,3.0
409,Fomboni,KM,2021-07-29 00:23:22,-12.28,43.7425,76.73,70,0,18.63
410,Saryg-Sep,RU,2021-07-29 00:23:23,51.5,95.6,54.86,86,100,1.48
411,Talnakh,RU,2021-07-29 00:23:23,69.4865,88.3972,56.89,81,99,5.26
412,Ornskoldsvik,SE,2021-07-29 00:23:24,63.2909,18.7153,68.95,60,40,4.61
413,Beira,MZ,2021-07-29 00:22:23,-19.8436,34.8389,65.3,77,0,4.25
414,Nicoya,CR,2021-07-29 00:23:24,10.1483,-85.452,81.95,88,100,2.04
415,Redmond,US,2021-07-29 00:21:32,47.674,-122.1215,91.8,33,65,1.01
416,Yeppoon,AU,2021-07-29 00:23:25,-23.1333,150.7333,71.38,68,15,6.44
417,Benguela,AO,2021-07-29 00:23:25,-12.5763,13.4055,69.39,84,39,4.92
418,Severo-Kurilsk,RU,2021-07-29 00:23:25,50.6789,156.125,59.27,90,78,4.21
419,Harnosand,SE,2021-07-29 00:23:26,62.6323,17.9379,64.4,87,100,8.25
420,Machiques,VE,2021-07-29 00:23:26,10.0644,-72.545,80.15,77,47,4.74
421,Miri,MY,2021-07-29 00:23:26,4.4148,114.0089,78.94,94,40,4.61
422,Ambikapur,IN,2021-07-29 00:23:27,23.1167,83.2,71.73,93,100,6.17
423,Greenville,US,2021-07-29 00:21:04,35.6127,-77.3663,73.81,88,1,10.36
424,Kozhva,RU,2021-07-29 00:23:27,65.1073,57.0459,43.66,97,100,3.96
425,Hurghada,EG,2021-07-29 00:23:28,27.2574,33.8129,87.84,22,0,16.11
426,Keetmanshoop,NA,2021-07-29 00:23:28,-26.5833,18.1333,48.61,48,0,6.6
427,Puerto Leguizamo,CO,2021-07-29 00:23:28,-0.1934,-74.7819,71.96,97,86,2.08
428,Finschhafen,PG,2021-07-29 00:23:29,-6.6024,147.8681,83.12,71,73,6.2
429,San Quintin,MX,2021-07-29 00:20:43,30.4833,-115.95,73.81,72,1,15.08
430,Los Llanos De Aridane,ES,2021-07-29 00:23:29,28.6585,-17.9182,69.55,93,90,12.66
431,Santiago Del Estero,AR,2021-07-29 00:21:29,-27.7951,-64.2615,40.8,35,0,2.91
432,Huaraz,PE,2021-07-29 00:23:29,-9.5333,-77.5333,55.94,70,78,1.45
433,Cidreira,BR,2021-07-29 00:23:30,-30.1811,-50.2056,45.88,73,84,22.17
434,Sobolevo,RU,2021-07-29 00:21:51,54.4299,31.8996,63.0,92,68,6.6
435,Marsh Harbour,BS,2021-07-29 00:18:37,26.5412,-77.0636,84.25,71,20,6.2
436,Ramhormoz,IR,2021-07-29 00:23:30,31.28,49.6035,94.66,12,58,7.61
437,Ulaangom,MN,2021-07-29 00:18:42,49.9811,92.0667,61.92,62,5,5.57
438,Shelburne,CA,2021-07-29 00:23:31,44.0787,-80.2041,70.75,71,59,5.35
439,Staryy Nadym,RU,2021-07-29 00:23:31,65.6118,72.6842,51.13,79,63,7.83
440,Honningsvag,NO,2021-07-29 00:23:32,70.9821,25.9704,46.18,89,99,9.31
441,Presidencia Roque Saenz Pena,AR,2021-07-29 00:23:32,-26.7852,-60.4388,44.38,44,0,5.84
442,Wamba,NG,2021-07-29 00:23:33,8.9333,8.6,70.27,91,97,2.42
443,Zambezi,ZM,2021-07-29 00:23:33,-13.5432,23.1047,52.77,42,97,4.54
444,Kharagpur,IN,2021-07-29 00:23:33,22.3333,87.3333,77.7,94,100,14.41
445,Hanover,DE,2021-07-29 00:20:47,52.3705,9.7332,64.09,81,0,5.75
446,Port Macquarie,AU,2021-07-29 00:23:34,-31.4333,152.9167,65.89,50,5,10.74
447,Ostrovnoy,RU,2021-07-29 00:21:09,68.0531,39.5131,45.64,79,100,4.85
448,Udachnyy,RU,2021-07-29 00:23:34,66.4167,112.4,74.1,51,12,10.02
449,Kamenka,RU,2021-07-29 00:23:34,51.3223,42.7678,68.32,51,95,6.67
450,Acajutla,SV,2021-07-29 00:23:35,13.5928,-89.8275,89.94,82,92,3.15
451,Egvekinot,RU,2021-07-29 00:23:35,66.3167,-179.1667,37.94,92,100,1.99
452,Coleraine,GB,2021-07-29 00:23:35,55.1333,-6.6667,57.24,93,85,18.34
453,Acapulco,MX,2021-07-29 00:18:47,16.8634,-99.8901,85.82,74,75,12.66
454,Sur,OM,2021-07-29 00:23:36,22.5667,59.5289,94.64,43,92,17.02
455,Thinadhoo,MV,2021-07-29 00:19:09,0.5333,72.9333,80.64,72,100,4.32
456,Peace River,CA,2021-07-29 00:23:36,56.2501,-117.286,80.91,27,75,18.41
457,Pachalum,GT,2021-07-29 00:23:37,14.9247,-90.6628,70.81,90,63,2.82
458,Ust-Koksa,RU,2021-07-29 00:21:15,50.2696,85.6108,49.8,90,3,0.4
459,Hasanabad,IR,2021-07-29 00:23:37,36.5465,61.0543,73.62,31,0,2.3
460,Wawa,NG,2021-07-29 00:23:38,9.9022,4.4192,72.86,92,86,3.0
461,Barcelos,PT,2021-07-29 00:23:38,41.5388,-8.6151,68.85,76,0,5.21
462,Fortuna,US,2021-07-29 00:23:38,40.5982,-124.1573,73.85,75,1,10.36
463,Juneau,US,2021-07-29 00:23:39,58.3019,-134.4197,69.8,67,20,8.05
464,San Policarpo,PH,2021-07-29 00:19:01,12.1791,125.5072,83.86,72,99,5.48
465,Mahanoro,MG,2021-07-29 00:23:39,-19.9,48.8,66.69,86,75,7.47
466,Nemuro,JP,2021-07-29 00:22:28,43.3236,145.575,79.23,98,100,10.22
467,Diffa,NE,2021-07-29 00:23:40,13.3154,12.6113,76.15,80,96,4.99
468,Tshela,CD,2021-07-29 00:23:40,-4.9833,12.9333,66.58,97,11,0.98
469,Coachella,US,2021-07-29 00:22:58,33.6803,-116.1739,109.96,22,1,11.01
470,Raudeberg,NO,2021-07-29 00:23:41,61.9875,5.1352,63.19,97,59,7.7
471,Muncar,ID,2021-07-29 00:23:41,-8.4333,114.3333,76.78,84,78,1.3
472,Uige,AO,2021-07-29 00:23:41,-7.6087,15.0613,60.73,67,2,3.29
473,La Marque,US,2021-07-29 00:23:42,29.3686,-94.9713,94.17,70,1,1.01
474,Buin,CL,2021-07-29 00:23:42,-33.7333,-70.75,60.06,22,0,4.52
475,Qaqortoq,GL,2021-07-29 00:23:42,60.7167,-46.0333,50.5,93,66,3.71
476,Aguimes,ES,2021-07-29 00:23:43,27.9054,-15.4461,68.67,73,40,26.46
477,Sidi Ali,DZ,2021-07-29 00:23:43,36.0998,0.4206,74.68,79,1,3.06
478,Bedele,ET,2021-07-29 00:23:43,8.456,36.353,55.71,98,100,2.55
479,Pacific Grove,US,2021-07-29 00:23:44,36.6177,-121.9166,89.15,79,20,1.01
480,Saquena,PE,2021-07-29 00:23:44,-4.6667,-73.5167,73.04,92,83,0.98
481,Rongcheng,CN,2021-07-29 00:23:45,30.634,117.8517,79.83,88,25,5.41
482,Young,UY,2021-07-29 00:23:45,-32.6833,-57.6333,41.23,80,45,4.97
483,Hambantota,LK,2021-07-29 00:23:45,6.1241,81.1185,80.51,79,88,17.72
484,Nioro,GM,2021-07-29 00:23:46,13.35,-15.75,77.34,82,100,6.64
485,Calabar,NG,2021-07-29 00:23:46,4.9517,8.322,72.9,94,90,2.8
486,Manitouwadge,CA,2021-07-29 00:23:46,49.1215,-85.8403,66.92,74,62,4.83
487,San Jose De Guanipa,VE,2021-07-29 00:23:47,8.8872,-64.1651,81.32,65,96,4.63
488,Tabuk,PH,2021-07-29 00:23:47,17.4189,121.4443,80.38,80,99,1.63
489,Cruzeiro Do Sul,BR,2021-07-29 00:23:47,-29.5128,-51.9853,42.53,87,52,8.84
490,Opelousas,US,2021-07-29 00:23:48,30.5335,-92.0815,91.53,76,38,2.98
491,Clearwater,US,2021-07-29 00:20:45,27.9659,-82.8001,85.91,80,40,3.0
492,Ambovombe,MG,2021-07-29 00:23:48,-25.1667,46.0833,64.02,86,5,9.82
493,Stepnyak,KZ,2021-07-29 00:23:49,52.8339,70.7803,52.39,86,76,10.04
494,Byron Bay,AU,2021-07-29 00:19:39,-28.65,153.6167,74.05,57,85,13.22
495,Kholmogory,RU,2021-07-29 00:23:49,64.2229,41.656,44.71,99,21,4.41
496,Shubarkuduk,KZ,2021-07-29 00:23:49,49.1447,56.4872,64.71,44,41,9.06
497,Lodja,CD,2021-07-29 00:23:50,-3.4833,23.4333,74.44,34,77,0.78
498,Trelew,AR,2021-07-29 00:23:50,-43.249,-65.3051,48.07,46,3,5.7
499,Mosquera,CO,2021-07-29 00:23:50,4.7059,-74.2302,60.89,63,75,2.3
500,Denia,ES,2021-07-29 00:23:51,38.8408,0.1057,78.75,85,0,3.0
501,Ugoofaaru,MV,2021-07-29 00:23:51,5.6667,73.0,82.35,76,100,12.66
502,Pafos,CY,2021-07-29 00:23:51,34.7667,32.4167,84.11,57,0,1.14
503,Soe,ID,2021-07-29 00:23:52,-9.8607,124.284,71.83,60,18,5.37
504,Naze,JP,2021-07-29 00:23:52,28.3667,129.4833,79.72,86,38,8.41
505,Roald,NO,2021-07-29 00:23:52,62.5833,6.1333,64.33,94,40,5.75
506,Antofagasta,CL,2021-07-29 00:23:53,-23.65,-70.4,54.68,66,26,5.3
507,Ruzhyn,UA,2021-07-29 00:23:53,49.7228,29.2046,67.01,80,41,5.28
508,Port Alberni,CA,2021-07-29 00:22:17,49.2413,-124.8028,93.88,28,1,1.01
509,Seoul,KR,2021-07-29 00:23:53,37.5683,126.9778,86.41,74,75,4.61
510,Sibolga,ID,2021-07-29 00:23:54,1.7427,98.7792,76.32,85,100,2.84
511,Pisco,PE,2021-07-29 00:23:54,-13.7,-76.2167,62.65,82,54,17.27
512,Port Keats,AU,2021-07-29 00:23:55,-14.25,129.55,80.04,53,52,3.8
513,Ishigaki,JP,2021-07-29 00:23:55,24.3448,124.1572,86.13,84,20,3.44
514,Dois Corregos,BR,2021-07-29 00:23:55,-22.3661,-48.3803,51.15,76,95,5.68
515,Sept-Iles,CA,2021-07-29 00:23:28,50.2001,-66.3821,60.26,81,75,5.75
516,Vir,HR,2021-07-29 00:23:56,44.3031,15.0853,72.36,54,58,6.82
517,Aklavik,CA,2021-07-29 00:23:56,68.2191,-135.0107,68.72,69,99,5.68
518,Reconquista,AR,2021-07-29 00:23:56,-29.15,-59.65,42.06,49,0,6.22
519,Labuan,MY,2021-07-29 00:23:57,5.2767,115.2417,82.56,94,40,6.91
520,Caraballeda,VE,2021-07-29 00:23:57,10.6112,-66.8522,80.85,89,75,6.91
521,Gejiu,CN,2021-07-29 00:23:58,23.306,103.1635,60.57,92,99,1.57
522,Risaralda,CO,2021-07-29 00:23:59,5.1665,-75.766,60.66,96,53,1.32
523,Pochutla,MX,2021-07-29 00:23:59,15.7432,-96.4661,85.82,80,96,4.83
524,Olinda,BR,2021-07-29 00:23:15,-8.0089,-34.8553,74.93,78,40,6.91
525,Khatassy,RU,2021-07-29 00:23:59,61.9036,129.6383,64.38,38,0,9.69
526,Dunedin,NZ,2021-07-29 00:23:17,-45.8742,170.5036,53.8,59,32,11.01
527,Fukue,JP,2021-07-29 00:24:00,32.6881,128.8419,80.96,89,75,4.61
528,Hearst,CA,2021-07-29 00:24:00,49.6835,-83.6665,70.05,79,100,4.7
529,Esmeraldas,BR,2021-07-29 00:24:01,-19.7625,-44.3139,75.51,67,58,13.06
530,Deneysville,ZA,2021-07-29 00:24:01,-26.8908,28.0971,41.14,47,0,5.17
531,Sola,VU,2021-07-29 00:24:01,-13.8833,167.55,83.07,84,90,0.0
532,Evensk,RU,2021-07-29 00:24:01,61.95,159.2333,57.25,49,22,6.2
533,Ludvika,SE,2021-07-29 00:24:02,60.1496,15.1878,59.61,96,100,4.07
534,Ergani,TR,2021-07-29 00:24:02,38.2653,39.7621,79.52,43,0,12.59
535,Nizhniy Kuranakh,RU,2021-07-29 00:24:03,58.8353,125.4869,65.93,68,17,9.84
536,Anshun,CN,2021-07-29 00:24:03,26.25,105.9333,70.57,83,42,2.91
537,Vitim,RU,2021-07-29 00:24:03,59.4511,112.5578,75.6,45,13,10.49
538,Levelland,US,2021-07-29 00:24:04,33.5873,-102.378,88.65,53,83,11.68
539,Lisakovsk,KZ,2021-07-29 00:24:04,52.5369,62.4936,51.39,64,0,7.11
540,Tandil,AR,2021-07-29 00:21:55,-37.3217,-59.1332,38.3,81,14,1.99
541,Khanpur,PK,2021-07-29 00:24:05,28.6453,70.6567,87.51,63,99,12.17
542,Lysyye Gory,RU,2021-07-29 00:24:05,51.5506,44.8414,68.34,55,77,2.59
543,Itacare,BR,2021-07-29 00:24:06,-14.2775,-38.9967,76.89,90,13,6.85
544,Vanavara,RU,2021-07-29 00:24:07,60.34,102.2797,72.23,56,100,5.37
545,Taber,CA,2021-07-29 00:24:07,49.8167,-112.1518,89.11,41,20,6.91
546,Dubrovnik,HR,2021-07-29 00:24:08,42.6481,18.0922,78.44,41,0,6.91
547,Joensuu,FI,2021-07-29 00:24:08,62.6012,29.7632,66.69,82,0,4.61
548,Ambilobe,MG,2021-07-29 00:24:08,-13.2,49.05,67.87,80,71,2.59
549,Kattivakkam,IN,2021-07-29 00:24:09,13.2167,80.3167,86.09,60,100,14.41
550,Punta Alta,AR,2021-07-29 00:20:29,-38.8759,-62.0736,43.72,54,11,9.69
551,High Level,CA,2021-07-29 00:24:09,58.5169,-117.136,77.11,33,40,4.61
552,Griffith,US,2021-07-29 00:24:10,41.5284,-87.4237,87.73,72,1,1.99
553,Atherton,GB,2021-07-29 00:23:26,53.5237,-2.4935,57.43,94,67,4.0
554,Gat,IL,2021-07-29 00:24:04,31.61,34.7642,79.48,81,0,5.28
555,Bara,NG,2021-07-29 00:24:10,10.3744,10.7288,71.02,91,73,2.15
556,Yumen,CN,2021-07-29 00:24:11,40.2833,97.2,78.31,21,0,7.45
557,Alice Springs,AU,2021-07-29 00:24:11,-23.7,133.8833,65.75,52,0,10.36
558,Yugawara,JP,2021-07-29 00:24:11,35.15,139.0667,85.86,76,76,5.77
559,San Rafael,AR,2021-07-29 00:24:12,-34.6177,-68.3301,45.54,32,0,7.56
560,Henties Bay,NA,2021-07-29 00:24:12,-22.116,14.2845,53.85,85,0,9.89
561,Atambua,ID,2021-07-29 00:24:13,-9.1061,124.8925,77.58,63,11,4.54
562,Ponta Delgada,PT,2021-07-29 00:24:13,37.7333,-25.6667,70.52,88,40,13.8
563,Lake Havasu City,US,2021-07-29 00:24:13,34.4839,-114.3224,106.41,22,1,4.0
564,Mikhaylovskoye,RU,2021-07-29 00:24:14,51.8239,79.7172,57.33,53,23,5.79
565,Jackson,US,2021-07-29 00:24:14,42.4165,-122.8345,101.16,22,1,9.22
566,Banjar,ID,2021-07-29 00:19:36,-8.19,114.9675,80.46,77,72,4.43
567,Cockburn Town,TC,2021-07-29 00:21:22,21.4612,-71.1419,81.81,80,61,20.09
